registry,ntiling,d,total_energy,total_energy_err,autocorrelation,acc,walltime,timestep,nblocks,energy,energy_err,stack
0.66667,3,3.0,-5936.275164,0.020962,1.0,0.990621,6004.755832,0.02,16.0,-659.5861293333332,0.0023291111111111,AA
0.66667,3,3.2,-5936.888854,0.019613,1.0,0.990634,6058.563684,0.02,16.0,-659.6543171111111,0.0021792222222222,AA
0.66667,3,3.5,-5937.217105,0.022674,2.5,0.990633,6189.812461,0.02,15.0,-659.6907894444444,0.0025193333333333,AA
0.66667,3,4.0,-5937.290951,0.021172,1.3,0.990637,6091.3911,0.02,15.0,-659.6989945555556,0.0023524444444444,AA
0.66667,3,4.5,-5937.224398,0.011864,1.0,0.990642,6041.424403,0.02,15.0,-659.6915997777778,0.0013182222222222,AA
0.66667,3,5.5,-5937.196162,0.015011,1.0,0.990639,6029.810539,0.02,16.0,-659.6884624444444,0.0016678888888888,AA
0.66667,3,6.5,-5937.170749,0.016028,1.0,0.990632,6118.950467,0.02,15.0,-659.6856387777777,0.0017808888888888,AA
0.66667,4,3.0,-10551.227014,0.039535,3.1,0.990518,6479.612321,0.02,40.0,-659.451688375,0.0024709375,AA
0.66667,4,3.2,-10552.272673,0.028977,3.1,0.990523,6706.067563,0.02,38.0,-659.5170420625,0.0018110625,AA
0.66667,4,3.5,-10552.723416,0.016636,1.0,0.990523,6501.560883,0.02,38.0,-659.5452135,0.00103975,AA
0.66667,4,4.0,-10552.701786,0.020725,1.1,0.990517,6415.390881,0.02,37.0,-659.543861625,0.0012953125,AA
0.66667,4,4.5,-10552.446542,0.017235,1.0,0.990524,6603.747574,0.02,39.0,-659.527908875,0.0010771875,AA
0.66667,4,5.5,-10552.256634,0.036568,3.3,0.990526,6428.724931,0.02,39.0,-659.516039625,0.0022855,AA
0.66667,4,6.5,-10552.193291,0.026069,1.6,0.990526,6545.257587,0.02,39.0,-659.5120806875,0.0016293125,AA
0.66667,5,3.0,-16484.926987,0.046048,1.6,0.990459,6376.963975,0.02,24.0,-659.39707948,0.00184192,AA
0.66667,5,3.2,-16486.648455,0.033594,1.0,0.99046,6340.649271,0.02,24.0,-659.4659382,0.00134376,AA
0.66667,5,3.5,-16487.241234,0.028168,1.0,0.990466,6080.950831,0.02,24.0,-659.48964936,0.00112672,AA
0.66667,5,4.0,-16486.939671,0.028327,1.7,0.990465,6306.994065,0.02,24.0,-659.47758684,0.00113308,AA
0.66667,5,4.5,-16486.659908,0.040888,1.6,0.990467,6342.245621,0.02,24.0,-659.4663963200001,0.00163552,AA
0.66667,5,5.5,-16486.21481,0.041401,1.0,0.990459,6250.000438,0.02,25.0,-659.4485924,0.00165604,AA
0.66667,5,6.5,-16486.150377,0.027246,1.0,0.990463,6257.33973,0.02,25.0,-659.44601508,0.00108984,AA
0.0,3,3.0,-5936.425586,0.026577,1.6,0.990626,6137.324929,0.02,15.0,-659.602842888889,0.002953,AB
0.0,3,3.2,-5936.968234,0.017142,1.0,0.990634,6124.20043,0.02,15.0,-659.6631371111112,0.0019046666666666,AB
0.0,3,3.5,-5937.29399,0.014727,1.6,0.990632,20429.322536,0.02,386.0,-659.6993322222222,0.0016363333333333,AB
0.0,3,4.0,-5937.29129,0.015166,1.0,0.99064,6651.949617,0.02,38.0,-659.6990322222223,0.0016851111111111,AB
0.0,3,4.5,-5937.239656,0.034831,2.5,0.990646,6143.622042,0.02,15.0,-659.6932951111111,0.0038701111111111,AB
0.0,3,5.5,-5937.206333,0.012584,1.0,0.990646,6076.67154,0.02,15.0,-659.6895925555556,0.0013982222222222,AB
0.0,3,6.5,-5937.183424,0.023619,1.5,0.990648,5985.34061,0.02,16.0,-659.687047111111,0.0026243333333333,AB
0.0,4,3.0,-10551.458902,0.016319,1.0,0.990522,6513.096436,0.02,41.0,-659.466181375,0.0010199375,AB
0.0,4,3.2,-10552.385149,0.020782,1.4,0.990526,6533.38219,0.02,38.0,-659.5240718125,0.001298875,AB
0.0,4,3.5,-10552.851947,0.02456,1.4,0.990522,19712.094862,0.02,277.0,-659.5532466875,0.001535,AB
0.0,4,4.0,-10552.673969,0.022306,1.3,0.990526,6581.500546,0.02,39.0,-659.5421230625,0.001394125,AB
0.0,4,4.5,-10552.470782,0.033281,2.1,0.990523,6434.471917,0.02,39.0,-659.529423875,0.0020800625,AB
0.0,4,5.5,-10552.351669,0.021811,1.4,0.990524,6437.492645,0.02,39.0,-659.5219793125,0.0013631875,AB
0.0,4,6.5,-10552.239377,0.025885,2.0,0.990531,6542.810458,0.02,40.0,-659.5149610625,0.0016178125,AB
0.0,5,3.0,-16485.26488,0.047062,1.4,0.990463,6145.765527,0.02,24.0,-659.4105952,0.00188248,AB
0.0,5,3.2,-16486.573883,0.047181,1.9,0.99047,6366.292218,0.02,24.0,-659.46295532,0.00188724,AB
0.0,5,3.5,-16487.366206,0.034776,1.5,0.990447,20108.191562,0.02,188.0,-659.49464824,0.00139104,AB
0.0,5,4.0,-16487.070127,0.050194,2.2,0.990463,6355.328367,0.02,24.0,-659.4828050799999,0.00200776,AB
0.0,5,4.5,-16486.612365,0.025823,1.0,0.990467,6324.934136,0.02,24.0,-659.4644946000001,0.0010329199999999,AB
0.0,5,5.5,-16486.147057,0.040693,1.0,0.990462,6280.341713,0.02,24.0,-659.44588228,0.00162772,AB
0.0,5,6.5,-16486.146935,0.033433,1.5,0.990463,4630.881572,0.02,23.0,-659.4458774,0.00133732,AB
0.16667,3,3.0,-5936.647071,0.026798,1.6,0.990622,6136.75441,0.02,16.0,-659.6274523333334,0.0029775555555555,SP
0.16667,3,3.2,-5937.104427,0.025038,1.8,0.990633,6148.604985,0.02,16.0,-659.6782696666667,0.002782,SP
0.16667,3,3.5,-5937.333246,0.012772,1.4,0.990661,20662.503036,0.02,366.0,-659.703694,0.0014191111111111,SP
0.16667,3,4.0,-5937.276798,0.032101,2.1,0.990647,6124.332194,0.02,15.0,-659.697422,0.0035667777777777,SP
0.16667,3,4.5,-5937.236883,0.029097,1.3,0.99066,6138.14513,0.02,15.0,-659.6929869999999,0.003233,SP
0.16667,3,5.5,-5937.175863,0.016538,1.0,0.99065,6108.994751,0.02,15.0,-659.6862070000001,0.0018375555555555,SP
0.16667,3,6.5,-5937.156113,0.025367,2.2,0.990641,6096.161673,0.02,15.0,-659.6840125555556,0.0028185555555555,SP
0.16667,4,3.0,-10551.848514,0.031509,1.0,0.99052,4943.230251,0.02,30.0,-659.490532125,0.0019693125,SP
0.16667,4,3.2,-10552.604296,0.02501,1.0,0.990529,3857.790134,0.02,26.0,-659.5377685,0.001563125,SP
0.16667,4,3.5,-10552.958063,0.023265,1.6,0.990537,20340.599748,0.02,267.0,-659.5598789375,0.0014540625,SP
0.16667,4,4.0,-10552.650188,0.031629,2.4,0.990525,20014.767599,0.02,51.0,-659.54063675,0.0019768125,SP
0.16667,4,4.5,-10552.494504,0.034266,2.6,0.990526,6580.451323,0.02,38.0,-659.5309065,0.002141625,SP
0.16667,4,5.5,-10552.266203,0.02912,1.7,0.990525,6558.418915,0.02,39.0,-659.5166376875,0.00182,SP
0.16667,4,6.5,-10552.185326,0.026444,2.0,0.990526,18696.451841,0.02,49.0,-659.511582875,0.00165275,SP
0.16667,5,3.0,-16485.960985,0.064299,3.4,0.990463,6404.107238,0.02,24.0,-659.4384394000001,0.00257196,SP
0.16667,5,3.2,-16487.081955,0.026866,1.0,0.99047,6368.407274,0.02,24.0,-659.4832782000001,0.00107464,SP
0.16667,5,3.5,-16487.552114,0.045848,2.0,0.990466,20307.844803,0.02,202.0,-659.50208456,0.00183392,SP
0.16667,5,4.0,-16487.052941,0.037823,1.1,0.990465,6332.83562,0.02,24.0,-659.4821176400001,0.00151292,SP
0.16667,5,4.5,-16486.589554,0.034196,1.2,0.990462,6288.00868,0.02,25.0,-659.46358216,0.00136784,SP
0.16667,5,5.5,-16486.213039,0.031482,1.0,0.990465,6280.230184,0.02,25.0,-659.4485215599999,0.00125928,SP
0.16667,5,6.5,-16486.191929,0.032212,1.5,0.990458,6224.817017,0.02,25.0,-659.44767716,0.0012884799999999,SP
0.33333,3,3.0,-5936.902412,0.013334,1.0,0.990626,6211.446061,0.02,15.0,-659.6558235555556,0.0014815555555555,BA
0.33333,3,3.2,-5937.276855,0.01612,1.7,0.990656,19796.839955,0.02,384.0,-659.6974283333334,0.0017911111111111,BA
0.33333,3,3.5,-5937.382145,0.011157,1.0,0.990627,6143.377641,0.02,15.0,-659.7091272222222,0.0012396666666666,BA
0.33333,3,4.0,-5937.303583,0.018502,1.1,0.990635,6128.154328,0.02,17.0,-659.7003981111111,0.0020557777777777,BA
0.33333,3,4.5,-5937.250117,0.012447,1.0,0.990653,6170.320511,0.02,15.0,-659.6944574444444,0.001383,BA
0.33333,3,5.5,-5937.170869,0.013402,1.5,0.990636,6068.439273,0.02,15.0,-659.685652111111,0.0014891111111111,BA
0.33333,3,6.5,-5937.175722,0.013077,1.0,0.990653,6066.89692,0.02,15.0,-659.6861913333333,0.001453,BA
0.33333,4,3.0,-10552.399873,0.030353,3.2,0.99053,20160.425327,0.02,49.0,-659.5249920625,0.0018970625,BA
0.33333,4,3.2,-10553.020474,0.022732,1.4,0.99053,20376.182364,0.02,256.0,-659.563779625,0.00142075,BA
0.33333,4,3.5,-10552.937924,0.037126,2.4,0.990527,19246.850582,0.02,48.0,-659.55862025,0.002320375,BA
0.33333,4,4.0,-10552.755461,0.029277,1.7,0.990521,6646.05854,0.02,39.0,-659.5472163125,0.0018298125,BA
0.33333,4,4.5,-10552.421774,0.015167,1.4,0.990528,20142.190266,0.02,51.0,-659.526360875,0.0009479375,BA
0.33333,4,5.5,-10552.266959,0.026422,1.4,0.990535,13669.494218,0.02,172.0,-659.5166849375,0.001651375,BA
0.33333,4,6.5,-10552.24344,0.020034,1.0,0.990521,6520.271902,0.02,39.0,-659.515215,0.001252125,BA
0.33333,5,3.0,-16486.870785,0.045923,1.5,0.990445,13386.443406,0.02,136.0,-659.4748314,0.00183692,BA
0.33333,5,3.2,-16487.522362,0.035532,1.4,0.990473,19857.568745,0.02,200.0,-659.5008944799999,0.00142128,BA
0.33333,5,3.5,-16487.638593,0.03136,1.0,0.990463,6066.888098,0.02,24.0,-659.50554372,0.0012544,BA
0.33333,5,4.0,-16487.025268,0.082155,2.5,0.990464,18929.893112,0.02,34.0,-659.4810107200001,0.0032862,BA
0.33333,5,4.5,-16486.622385,0.041294,1.2,0.990461,13048.961284,0.02,137.0,-659.4648953999999,0.00165176,BA
0.33333,5,5.5,-16486.208773,0.053958,2.0,0.990459,19312.244271,0.02,35.0,-659.4483509199999,0.00215832,BA
0.33333,5,6.5,-16486.185774,0.038866,1.2,0.990456,13143.533509,0.02,132.0,-659.44743096,0.00155464,BA
